path,mtime_human
docs/evidence/SAR_TEST_SUITE.md,Wed Dec 10 03:22:27 2025
docs/evidence/ZOHO_FAILURE_SENT.jpeg,Tue Dec  9 12:05:40 2025
docs/evidence/ZOHO_KEYWORD_FAILURE.png,Tue Dec  9 12:05:23 2025
docs/evidence/dye-die-filter-failure.json,Mon Dec  8 20:54:13 2025
docs/evidence/dye-die-filter-failure.md,Wed Dec 10 03:42:24 2025
docs/posts/SEMANTIC_AMBIGUITY_BENCHMARK_LINKEDIN.md,Wed Dec 10 03:22:27 2025
docs/posts/SEMANTIC_AMBIGUITY_BENCHMARK_SUBSTACK.md,Wed Dec 10 03:12:01 2025
docs/posts/linkedin_false_positive_collapse.md,Tue Dec  9 04:09:24 2025
docs/posts/substack_false_positive_collapse.md,Fri Dec  5 13:45:56 2025
docs/posts/substack_zoho_keyword_fallacy.md,Tue Dec  9 11:49:19 2025
docs/posts/substack_zoho_keyword_fallacy.pdf,Tue Dec  9 11:56:42 2025
docs/posts/wordpress_canonical_false_positive_collapse.md,Fri Dec  5 13:45:56 2025
docs/posts/x_twitter_thread_false_positive_collapse.md,Fri Dec  5 13:45:56 2025
